material_id,source_id,material_label,material_class,physical_state_or_morphology,composition_description,molecular_weight_g_mol,oh_number_min_mg_koh_g,oh_number_max_mg_koh_g,tg_c,softening_point_min_c,softening_point_max_c,viscosity_80c_pa_s,viscosity_100c_pa_s,viscosity_130c_pa_s,viscosity_180c_pa_s_min,viscosity_180c_pa_s_max,viscosity_200c_pa_s_min,viscosity_200c_pa_s_max,viscosity_number_min_cm3_g,viscosity_number_max_cm3_g,measurement_method,evidence_locator,notes
MAT_HENKEL_POLY_A,PAT_US5599895A,Polyester A,polyester_glycol,partially_crystalline,"copolyester glycol from isophthalic acid, butanediol, phthalic acid dimethyl ester and adipic acid",3500,27,34,-20,,,,30,5,,,,,,"OH: DIN 53240; Tg: DSC; viscosity: Brookfield LVT4","US5599895A material definitions, lines 477-482","High-viscosity partially crystalline polyester; patent states this chemistry contributes high initial strength."
MAT_HENKEL_POLY_B,PAT_US5599895A,Polyester B,polyester_glycol,partially_crystalline,"copolyester glycol from phthalic acid dimethyl ester, adipic acid and hexanediol",3500,27,34,-40,,,,,3,,,,,,"OH: DIN 53240; Tg: DSC; viscosity: Brookfield LVT4","US5599895A material definitions, lines 477-482","Low-Tg polyester used to improve cold-temperature flexibility."
MAT_HENKEL_POLY_C,PAT_US5599895A,Polyester C,polyester_glycol,solid_amorphous,"copolyester glycol from isophthalic acid, neopentyl glycol, ethylene glycol, adipic acid, phthalic acid and 3-hydroxy-2,2-dimethylpropyl-3-hydroxy-2,2-dimethyl propanoate",3500,31,39,30,,,,,30,,,,,,"OH: DIN 53240; Tg: DSC; viscosity: Brookfield LVT4","US5599895A material definitions, lines 477-482",""
MAT_HENKEL_POLY_D,PAT_US5599895A,Polyester D,polyester_glycol,solid_amorphous,"copolyester glycol from neopentyl glycol, ethylene glycol, adipic acid and phthalic anhydride",2000,50,60,10,,,70,,5,,,,,,"OH: DIN 53240; Tg: DSC; viscosity: Brookfield LVT4","US5599895A material definitions, lines 477-482",""
MAT_HENKEL_POLY_H,PAT_US5599895A,Polyester H,polyester_glycol,very_weakly_crystalline,"saturated copolyester glycol; detailed monomer composition not specified in the example definition",25000,,,-12,102,110,,,,65,75,35,40,77,83,"viscosity number: DIN 53728; softening point: DIN 52011; Tg: DSC; melt viscosity: rotating plate/cone","US5599895A material definitions, lines 481-482","Molecular weight reported as ca. 25,000 via OH number."
MAT_HENKEL_POLY_I,PAT_US5599895A,Polyester I,polyester_glycol,solid_amorphous,"solid amorphous copolyester glycol; monomer composition not specified in the example definition",3500,27,34,20,,,,,7,,,,,,"OH: DIN 53240; Tg: DSC; viscosity: Brookfield LVT4","US5599895A material definitions, lines 481-482",""
MAT_HENKEL_PPG425,PAT_US5599895A,PPG 425,polypropylene_glycol,liquid,"polypropylene glycol",425,,,,,,,,,,,,,,,"manufacturer identity reported; no viscosity supplied","US5599895A lines 483 and 655","Available from Miles Inc. in the cited patent."
MAT_HENKEL_TACK_BPINENE,PAT_US5599895A,Tackifier,tackifier,,"polymerized beta-pinene resin",,,,,,,,,,,,,,,,,"identity reported","US5599895A lines 485 and 655","Available from Hercules Inc. in the cited patent."
MAT_HENKEL_HC_RESIN,PAT_US5599895A,Hydrocarbon resin,tackifier,,"hydrocarbon resin used as tackifier and to increase creep resistance",,,,,,,,,,,,,,,,,"identity reported","US5599895A line 487","Available from Arizona Chemical Co. in the cited patent."
MAT_HENKEL_MDI44,PAT_US5599895A,MDI,isocyanate,,"4,4'-diphenylmethane diisocyanate",,,,,,,,,,,,,,,,,"identity reported","US5599895A lines 489 and 655","Available from Miles Inc. in the cited patent."
