record_id,source_id,formulation_record_id,example_id,theoretical_nco_wt_pct,viscosity_121c_cps,viscosity_status,open_time_value_min,open_time_qualifier,green_strength_5min_psi,green_strength_10min_psi,green_strength_15min_psi,green_strength_20min_psi,green_strength_25min_psi,green_strength_30min_psi,storage_modulus_90c_pa,elongation_break_pct,yield_strength_psi,tensile_strength_psi,evidence_locator,notes
HENKEL20_PERF_EX01,PAT_US20200216730A1,HENKEL20_EX01,1,2.43,10875,measured,3,approx,129,129,130,136,157,158,7320000.0,453,989,1747,Tables 3-6,"Viscosity: Brookfield DV-I+ #27 spindle at 121 C. Open time: 0.8 g dispensed at 121 C, transfer-to-tongue-depressor endpoint during cooling to 23 C. Green strength: hardwood cross-peeler test."
HENKEL20_PERF_EX02,PAT_US20200216730A1,HENKEL20_EX02,2,2.43,12950,measured,0.5,lt,107,123,124,127,129,135,,,,,Tables 3-6,"Viscosity: Brookfield DV-I+ #27 spindle at 121 C. Open time: 0.8 g dispensed at 121 C, transfer-to-tongue-depressor endpoint during cooling to 23 C. Green strength: hardwood cross-peeler test."
HENKEL20_PERF_EX03,PAT_US20200216730A1,HENKEL20_EX03,3,2.43,12650,measured,8,approx,66,112,121,127,131,139,6380000.0,585,889,1828,Tables 3-6,"Viscosity: Brookfield DV-I+ #27 spindle at 121 C. Open time: 0.8 g dispensed at 121 C, transfer-to-tongue-depressor endpoint during cooling to 23 C. Green strength: hardwood cross-peeler test."
HENKEL20_PERF_EX04,PAT_US20200216730A1,HENKEL20_EX04,4,2.43,12250,measured,5,approx,74,119,127,129,139,141,,,,,Tables 3-6,"Viscosity: Brookfield DV-I+ #27 spindle at 121 C. Open time: 0.8 g dispensed at 121 C, transfer-to-tongue-depressor endpoint during cooling to 23 C. Green strength: hardwood cross-peeler test."
HENKEL20_PERF_EX05,PAT_US20200216730A1,HENKEL20_EX05,5,2.43,13450,measured,18,approx,22,22,25,27,31,38,,,,,Tables 3-6,"Viscosity: Brookfield DV-I+ #27 spindle at 121 C. Open time: 0.8 g dispensed at 121 C, transfer-to-tongue-depressor endpoint during cooling to 23 C. Green strength: hardwood cross-peeler test."
HENKEL20_PERF_EX06,PAT_US20200216730A1,HENKEL20_EX06,6,2.38,10575,measured,28,approx,18,20,20,22,22,26,,,,,Tables 3-6,"Viscosity: Brookfield DV-I+ #27 spindle at 121 C. Open time: 0.8 g dispensed at 121 C, transfer-to-tongue-depressor endpoint during cooling to 23 C. Green strength: hardwood cross-peeler test."
HENKEL20_PERF_EX07,PAT_US20200216730A1,HENKEL20_EX07,7,2.41,12150,measured,24,approx,18,21,23,23,26,27,14200000.0,632,521,1609,Tables 3-6,"Viscosity: Brookfield DV-I+ #27 spindle at 121 C. Open time: 0.8 g dispensed at 121 C, transfer-to-tongue-depressor endpoint during cooling to 23 C. Green strength: hardwood cross-peeler test."
HENKEL20_PERF_EX08,PAT_US20200216730A1,HENKEL20_EX08,8,2.42,10300,measured,0.5,lt,129,130,132,136,140,148,,,,,Tables 3-6,"Viscosity: Brookfield DV-I+ #27 spindle at 121 C. Open time: 0.8 g dispensed at 121 C, transfer-to-tongue-depressor endpoint during cooling to 23 C. Green strength: hardwood cross-peeler test."
HENKEL20_PERF_EX09,PAT_US20200216730A1,HENKEL20_EX09,9,2.47,11700,measured,8,approx,52,131,137,140,144,147,6750000.0,548,973,1721,Tables 3-6,"Viscosity: Brookfield DV-I+ #27 spindle at 121 C. Open time: 0.8 g dispensed at 121 C, transfer-to-tongue-depressor endpoint during cooling to 23 C. Green strength: hardwood cross-peeler test."
HENKEL20_PERF_EX10,PAT_US20200216730A1,HENKEL20_EX10,10,2.43,10750,measured,1,lt,119,138,142,154,190,195,,,,,Tables 3-6,"Viscosity: Brookfield DV-I+ #27 spindle at 121 C. Open time: 0.8 g dispensed at 121 C, transfer-to-tongue-depressor endpoint during cooling to 23 C. Green strength: hardwood cross-peeler test."
HENKEL20_PERF_EX11,PAT_US20200216730A1,HENKEL20_EX11,11,2.43,13500,measured,8,approx,63,122,124,138,142,148,7740000.0,589,979,1807,Tables 3-6,"Viscosity: Brookfield DV-I+ #27 spindle at 121 C. Open time: 0.8 g dispensed at 121 C, transfer-to-tongue-depressor endpoint during cooling to 23 C. Green strength: hardwood cross-peeler test."
HENKEL20_PERF_EX12,PAT_US20200216730A1,HENKEL20_EX12,12,2.43,13500,measured,5,approx,54,83,93,102,114,121,13600000.0,418,920,1860,Tables 3-6,"Viscosity: Brookfield DV-I+ #27 spindle at 121 C. Open time: 0.8 g dispensed at 121 C, transfer-to-tongue-depressor endpoint during cooling to 23 C. Green strength: hardwood cross-peeler test."
HENKEL20_PERF_EX13,PAT_US20200216730A1,HENKEL20_EX13,13,2.43,12250,measured,8,approx,35,42,43,45,46,46,,,,,Tables 3-6,"Viscosity: Brookfield DV-I+ #27 spindle at 121 C. Open time: 0.8 g dispensed at 121 C, transfer-to-tongue-depressor endpoint during cooling to 23 C. Green strength: hardwood cross-peeler test."
HENKEL20_PERF_EX14,PAT_US20200216730A1,HENKEL20_EX14,14,2.37,13500,measured,7,approx,55,78,118,133,147,156,7070000.0,528,1151,1876,Tables 3-6,"Viscosity: Brookfield DV-I+ #27 spindle at 121 C. Open time: 0.8 g dispensed at 121 C, transfer-to-tongue-depressor endpoint during cooling to 23 C. Green strength: hardwood cross-peeler test."
HENKEL20_PERF_EX15,PAT_US20200216730A1,HENKEL20_EX15,15,2.59,,phase_separation,,phase_separation,,,,,,,,,,,Tables 3-6,"Viscosity: Brookfield DV-I+ #27 spindle at 121 C. Open time: 0.8 g dispensed at 121 C, transfer-to-tongue-depressor endpoint during cooling to 23 C. Green strength: hardwood cross-peeler test."
HENKEL20_PERF_EX16,PAT_US20200216730A1,HENKEL20_EX16,16,2.5,12750,measured,80,approx,27,36,42,45,51,55,2880000.0,757,754,1710,Tables 3-6,"Viscosity: Brookfield DV-I+ #27 spindle at 121 C. Open time: 0.8 g dispensed at 121 C, transfer-to-tongue-depressor endpoint during cooling to 23 C. Green strength: hardwood cross-peeler test."
HENKEL20_PERF_INDUSTRIAL,PAT_US20200216730A1,,Industrial Control,2.18,12700,measured,8,approx,78,132,132,140,152,160,2.59e6,814,607,1415,Tables 3-6,Commercial Technomelt PUR 798A control; formulation composition not disclosed in the example table.
