material_id,source_id,material_name,material_class,supplier,molecular_weight_g_mol,oh_number_min_mg_koh_g,oh_number_max_mg_koh_g,tg_c,crystallinity_descriptor,viscosity_number_min_cm3_g,viscosity_number_max_cm3_g,softening_point_min_c,softening_point_max_c,viscosity_80c_mpas_min,viscosity_80c_mpas_max,viscosity_100c_mpas_min,viscosity_100c_mpas_max,viscosity_130c_mpas_min,viscosity_130c_mpas_max,viscosity_180c_pa_s_min,viscosity_180c_pa_s_max,viscosity_200c_pa_s_min,viscosity_200c_pa_s_max,chemistry_or_descriptor,evidence_location
US6136136_POLYA,PAT_US6136136A,Polyester A,polyester polyol,Huls AG,3500,27,34,-20,partially crystalline,,,,,,,30000,30000,5000,5000,,,,,"isophthalic acid + butanediol + phthalic acid dimethylester + adipic acid","Material definitions, lines 378 and 221-223"
US6136136_POLYB,PAT_US6136136A,Polyester B,polyester polyol,Huls AG,3500,27,34,-40,partially crystalline,,,,,,,,,3000,3000,,,,,"phthalic acid dimethylester + adipic acid + hexanediol","Material definitions, lines 379 and 223"
US6136136_POLYE,PAT_US6136136A,Polyester E,polyester polyol,Huls AG,3500,27,34,-20,high-viscosity copolyester,,,,,25000,25000,,,,,,,,,,"high-viscosity copolyester; detailed monomer composition not stated in extracted text","Material definitions, lines 382 and 229"
US6136136_POLYF,PAT_US6136136A,Polyester F,polyester polyol,Huls AG,3500,27,34,-30,high-viscosity copolyester,,,,,10000,10000,,,,,,,,,,"high-viscosity copolyester; detailed monomer composition not stated in extracted text","Material definitions, lines 383 and 230"
US6136136_POLYG,PAT_US6136136A,Polyester G,polyester polyol,Huls AG,,,,,-23,very weakly crystalline,77,83,99,105,,,,,,,53,62,30,37,"saturated linear copolyester","Material definitions, lines 383-384 and 231"
US6136136_POLYH,PAT_US6136136A,Polyester H,polyester polyol,Huls AG,,,,,-12,weakly crystalline,77,83,102,110,,,,,,,65,75,35,40,"saturated linear copolyester","Material definitions, lines 384-385 and 232"
US6136136_PPG425,PAT_US6136136A,PPG 425,polypropylene glycol,Miles Inc.,425,,,,,,,,,,,,,,,,,,,,"polypropylene glycol","Material definitions, lines 235 and 387"
US6136136_MDI44,PAT_US6136136A,"4,4'-MDI",diisocyanate,Miles Inc.,,,,,,,,,,,,,,,,,,,,,,"diphenylmethane 4,4'-diisocyanate","Material definitions, lines 238 and 387"
US6136136_TACK,PAT_US6136136A,beta-pinene tackifier,hydrocarbon resin,Hercules Inc.,,,,,,,,,,,,,,,,,,,,,,"polymerized beta-pinene resin","Material definitions, lines 236 and 387"
